{
    "loss": ["squared_loss", "huber", "epsilon_insensitive", "squared_epsilon_insensitive"],
    "penalty": ["l2", "l1", "elasticnet"],
    "alpha": [0.000001, 0.00001, 0.0001, 0.001, 0.01, 0.1, 1],
    "l1_ratio": [0, 0.05,  0.1, 0.15, 0.2, 0.25, 0.3, 0.35, 0.4, 0.45, 0.5, 0.55, 0.6, 0.65, 0.7, 0.75, 0.8, 0.85, 0.9, 0.95, 1],
    "epsilon": [0.4, 0.45, 0.3, 0.25, 0.2, 0.15, 0.1, 0.05],
    "learning_rate": ["constant", "optimal", "invscaling", "adaptive"]
}